[{"pk": 165, "model": "coins.currency", "fields": {"iso": "XUA", "name": "ADB Unit of Account", "sign": null}}, {"pk": 1, "model": "coins.currency", "fields": {"iso": "AFN", "name": "Afghani", "sign": null}}, {"pk": 45, "model": "coins.currency", "fields": {"iso": "DZD", "name": "Algerian Dinar", "sign": null}}, {"pk": 7, "model": "coins.currency", "fields": {"iso": "ARS", "name": "Argentine Peso", "sign": null}}, {"pk": 4, "model": "coins.currency", "fields": {"iso": "AMD", "name": "Armenian Dram", "sign": null}}, {"pk": 9, "model": "coins.currency", "fields": {"iso": "AWG", "name": "Aruban Florin", "sign": null}}, {"pk": 8, "model": "coins.currency", "fields": {"iso": "AUD", "name": "Australian Dollar", "sign": null}}, {"pk": 10, "model": "coins.currency", "fields": {"iso": "AZN", "name": "Azerbaijanian Manat", "sign": null}}, {"pk": 22, "model": "coins.currency", "fields": {"iso": "BSD", "name": "Bahamian Dollar", "sign": null}}, {"pk": 15, "model": "coins.currency", "fields": {"iso": "BHD", "name": "Bahraini Dinar", "sign": null}}, {"pk": 140, "model": "coins.currency", "fields": {"iso": "THB", "name": "Baht", "sign": null}}, {"pk": 113, "model": "coins.currency", "fields": {"iso": "PAB", "name": "Balboa", "sign": null}}, {"pk": 12, "model": "coins.currency", "fields": {"iso": "BBD", "name": "Barbados Dollar", "sign": null}}, {"pk": 25, "model": "coins.currency", "fields": {"iso": "BYR", "name": "Belarussian Ruble", "sign": null}}, {"pk": 26, "model": "coins.currency", "fields": {"iso": "BZD", "name": "Belize Dollar", "sign": null}}, {"pk": 17, "model": "coins.currency", "fields": {"iso": "BMD", "name": "Bermudian Dollar", "sign": null}}, {"pk": 155, "model": "coins.currency", "fields": {"iso": "VEF", "name": "Bolivar ", "sign": null}}, {"pk": 19, "model": "coins.currency", "fields": {"iso": "BOB", "name": "Boliviano", "sign": null}}, {"pk": 21, "model": "coins.currency", "fields": {"iso": "BRL", "name": "Brazilian Real", "sign": null}}, {"pk": 18, "model": "coins.currency", "fields": {"iso": "BND", "name": "Brunei Dollar", "sign": null}}, {"pk": 14, "model": "coins.currency", "fields": {"iso": "BGN", "name": "Bulgarian Lev", "sign": null}}, {"pk": 16, "model": "coins.currency", "fields": {"iso": "BIF", "name": "Burundi Franc", "sign": null}}, {"pk": 162, "model": "coins.currency", "fields": {"iso": "XOF", "name": "CFA Franc BCEAO", "sign": null}}, {"pk": 159, "model": "coins.currency", "fields": {"iso": "XAF", "name": "CFA Franc BEAC", "sign": null}}, {"pk": 163, "model": "coins.currency", "fields": {"iso": "XPF", "name": "CFP Franc", "sign": null}}, {"pk": 27, "model": "coins.currency", "fields": {"iso": "CAD", "name": "Canadian Dollar", "sign": null}}, {"pk": 40, "model": "coins.currency", "fields": {"iso": "CVE", "name": "Cape Verde Escudo", "sign": null}}, {"pk": 81, "model": "coins.currency", "fields": {"iso": "KYD", "name": "Cayman Islands Dollar", "sign": null}}, {"pk": 33, "model": "coins.currency", "fields": {"iso": "CLP", "name": "Chilean Peso", "sign": null}}, {"pk": 35, "model": "coins.currency", "fields": {"iso": "COP", "name": "Colombian Peso", "sign": null}}, {"pk": 77, "model": "coins.currency", "fields": {"iso": "KMF", "name": "Comoro Franc", "sign": null}}, {"pk": 28, "model": "coins.currency", "fields": {"iso": "CDF", "name": "Congolese Franc", "sign": null}}, {"pk": 11, "model": "coins.currency", "fields": {"iso": "BAM", "name": "Convertible Mark", "sign": null}}, {"pk": 108, "model": "coins.currency", "fields": {"iso": "NIO", "name": "Cordoba Oro", "sign": null}}, {"pk": 37, "model": "coins.currency", "fields": {"iso": "CRC", "name": "Costa Rican Colon", "sign": null}}, {"pk": 62, "model": "coins.currency", "fields": {"iso": "HRK", "name": "Croatian Kuna", "sign": null}}, {"pk": 39, "model": "coins.currency", "fields": {"iso": "CUP", "name": "Cuban Peso", "sign": null}}, {"pk": 41, "model": "coins.currency", "fields": {"iso": "CZK", "name": "Czech Koruna", "sign": null}}, {"pk": 56, "model": "coins.currency", "fields": {"iso": "GMD", "name": "Dalasi", "sign": null}}, {"pk": 43, "model": "coins.currency", "fields": {"iso": "DKK", "name": "Danish Krone", "sign": null}}, {"pk": 94, "model": "coins.currency", "fields": {"iso": "MKD", "name": "Denar", "sign": null}}, {"pk": 42, "model": "coins.currency", "fields": {"iso": "DJF", "name": "Djibouti Franc", "sign": null}}, {"pk": 136, "model": "coins.currency", "fields": {"iso": "STD", "name": "Dobra", "sign": null}}, {"pk": 44, "model": "coins.currency", "fields": {"iso": "DOP", "name": "Dominican Peso", "sign": null}}, {"pk": 156, "model": "coins.currency", "fields": {"iso": "VND", "name": "Dong", "sign": null}}, {"pk": 160, "model": "coins.currency", "fields": {"iso": "XCD", "name": "East Caribbean Dollar", "sign": null}}, {"pk": 46, "model": "coins.currency", "fields": {"iso": "EGP", "name": "Egyptian Pound", "sign": null}}, {"pk": 137, "model": "coins.currency", "fields": {"iso": "SVC", "name": "El Salvador Colon", "sign": null}}, {"pk": 48, "model": "coins.currency", "fields": {"iso": "ETB", "name": "Ethiopian Birr", "sign": null}}, {"pk": 49, "model": "coins.currency", "fields": {"iso": "EUR", "name": "Euro", "sign": null}}, {"pk": 51, "model": "coins.currency", "fields": {"iso": "FKP", "name": "Falkland Islands Pound", "sign": null}}, {"pk": 50, "model": "coins.currency", "fields": {"iso": "FJD", "name": "Fiji Dollar", "sign": null}}, {"pk": 64, "model": "coins.currency", "fields": {"iso": "HUF", "name": "Forint", "sign": null}}, {"pk": 54, "model": "coins.currency", "fields": {"iso": "GHS", "name": "Ghana Cedi", "sign": null}}, {"pk": 55, "model": "coins.currency", "fields": {"iso": "GIP", "name": "Gibraltar Pound", "sign": null}}, {"pk": 63, "model": "coins.currency", "fields": {"iso": "HTG", "name": "Gourde", "sign": null}}, {"pk": 119, "model": "coins.currency", "fields": {"iso": "PYG", "name": "Guarani", "sign": null}}, {"pk": 57, "model": "coins.currency", "fields": {"iso": "GNF", "name": "Guinea Franc", "sign": null}}, {"pk": 59, "model": "coins.currency", "fields": {"iso": "GYD", "name": "Guyana Dollar", "sign": null}}, {"pk": 60, "model": "coins.currency", "fields": {"iso": "HKD", "name": "Hong Kong Dollar", "sign": null}}, {"pk": 149, "model": "coins.currency", "fields": {"iso": "UAH", "name": "Hryvnia", "sign": null}}, {"pk": 70, "model": "coins.currency", "fields": {"iso": "ISK", "name": "Iceland Krona", "sign": null}}, {"pk": 67, "model": "coins.currency", "fields": {"iso": "INR", "name": "Indian Rupee", "sign": null}}, {"pk": 69, "model": "coins.currency", "fields": {"iso": "IRR", "name": "Iranian Rial", "sign": null}}, {"pk": 68, "model": "coins.currency", "fields": {"iso": "IQD", "name": "Iraqi Dinar", "sign": null}}, {"pk": 71, "model": "coins.currency", "fields": {"iso": "JMD", "name": "Jamaican Dollar", "sign": null}}, {"pk": 72, "model": "coins.currency", "fields": {"iso": "JOD", "name": "Jordanian Dinar", "sign": null}}, {"pk": 74, "model": "coins.currency", "fields": {"iso": "KES", "name": "Kenyan Shilling", "sign": null}}, {"pk": 115, "model": "coins.currency", "fields": {"iso": "PGK", "name": "Kina", "sign": null}}, {"pk": 83, "model": "coins.currency", "fields": {"iso": "LAK", "name": "Kip", "sign": null}}, {"pk": 80, "model": "coins.currency", "fields": {"iso": "KWD", "name": "Kuwaiti Dinar", "sign": null}}, {"pk": 101, "model": "coins.currency", "fields": {"iso": "MWK", "name": "Kwacha", "sign": null}}, {"pk": 6, "model": "coins.currency", "fields": {"iso": "AOA", "name": "Kwanza", "sign": null}}, {"pk": 95, "model": "coins.currency", "fields": {"iso": "MMK", "name": "Kyat", "sign": null}}, {"pk": 53, "model": "coins.currency", "fields": {"iso": "GEL", "name": "Lari", "sign": null}}, {"pk": 89, "model": "coins.currency", "fields": {"iso": "LVL", "name": "Latvian Lats", "sign": null}}, {"pk": 84, "model": "coins.currency", "fields": {"iso": "LBP", "name": "Lebanese Pound", "sign": null}}, {"pk": 3, "model": "coins.currency", "fields": {"iso": "ALL", "name": "Lek", "sign": null}}, {"pk": 61, "model": "coins.currency", "fields": {"iso": "HNL", "name": "Lempira", "sign": null}}, {"pk": 132, "model": "coins.currency", "fields": {"iso": "SLL", "name": "Leone", "sign": null}}, {"pk": 86, "model": "coins.currency", "fields": {"iso": "LRD", "name": "Liberian Dollar", "sign": null}}, {"pk": 90, "model": "coins.currency", "fields": {"iso": "LYD", "name": "Libyan Dinar", "sign": null}}, {"pk": 139, "model": "coins.currency", "fields": {"iso": "SZL", "name": "Lilangeni", "sign": null}}, {"pk": 88, "model": "coins.currency", "fields": {"iso": "LTL", "name": "Lithuanian Litas", "sign": null}}, {"pk": 87, "model": "coins.currency", "fields": {"iso": "LSL", "name": "Loti", "sign": null}}, {"pk": 93, "model": "coins.currency", "fields": {"iso": "MGA", "name": "Malagasy Ariary", "sign": null}}, {"pk": 104, "model": "coins.currency", "fields": {"iso": "MYR", "name": "Malaysian Ringgit", "sign": null}}, {"pk": 99, "model": "coins.currency", "fields": {"iso": "MUR", "name": "Mauritius Rupee", "sign": null}}, {"pk": 102, "model": "coins.currency", "fields": {"iso": "MXN", "name": "Mexican Peso", "sign": null}}, {"pk": 103, "model": "coins.currency", "fields": {"iso": "MXV", "name": "Mexican Unidad de Inversion (UDI)", "sign": null}}, {"pk": 92, "model": "coins.currency", "fields": {"iso": "MDL", "name": "Moldovan Leu", "sign": null}}, {"pk": 91, "model": "coins.currency", "fields": {"iso": "MAD", "name": "Moroccan Dirham", "sign": null}}, {"pk": 105, "model": "coins.currency", "fields": {"iso": "MZN", "name": "Mozambique Metical", "sign": null}}, {"pk": 20, "model": "coins.currency", "fields": {"iso": "BOV", "name": "Mvdol", "sign": null}}, {"pk": 107, "model": "coins.currency", "fields": {"iso": "NGN", "name": "Naira", "sign": null}}, {"pk": 47, "model": "coins.currency", "fields": {"iso": "ERN", "name": "Nakfa", "sign": null}}, {"pk": 106, "model": "coins.currency", "fields": {"iso": "NAD", "name": "Namibia Dollar", "sign": null}}, {"pk": 110, "model": "coins.currency", "fields": {"iso": "NPR", "name": "Nepalese Rupee", "sign": null}}, {"pk": 5, "model": "coins.currency", "fields": {"iso": "ANG", "name": "Netherlands Antillean Guilder", "sign": null}}, {"pk": 66, "model": "coins.currency", "fields": {"iso": "ILS", "name": "New Israeli Sheqel", "sign": null}}, {"pk": 121, "model": "coins.currency", "fields": {"iso": "RON", "name": "New Romanian Leu", "sign": null}}, {"pk": 147, "model": "coins.currency", "fields": {"iso": "TWD", "name": "New Taiwan Dollar", "sign": null}}, {"pk": 111, "model": "coins.currency", "fields": {"iso": "NZD", "name": "New Zealand Dollar", "sign": null}}, {"pk": 23, "model": "coins.currency", "fields": {"iso": "BTN", "name": "Ngultrum", "sign": null}}, {"pk": 78, "model": "coins.currency", "fields": {"iso": "KPW", "name": "North Korean Won", "sign": null}}, {"pk": 109, "model": "coins.currency", "fields": {"iso": "NOK", "name": "Norwegian Krone", "sign": null}}, {"pk": 114, "model": "coins.currency", "fields": {"iso": "PEN", "name": "Nuevo Sol", "sign": null}}, {"pk": 98, "model": "coins.currency", "fields": {"iso": "MRO", "name": "Ouguiya", "sign": null}}, {"pk": 117, "model": "coins.currency", "fields": {"iso": "PKR", "name": "Pakistan Rupee", "sign": null}}, {"pk": 97, "model": "coins.currency", "fields": {"iso": "MOP", "name": "Pataca", "sign": null}}, {"pk": 144, "model": "coins.currency", "fields": {"iso": "TOP", "name": "Pa\u2019anga", "sign": null}}, {"pk": 38, "model": "coins.currency", "fields": {"iso": "CUC", "name": "Peso Convertible", "sign": null}}, {"pk": 153, "model": "coins.currency", "fields": {"iso": "UYU", "name": "Peso Uruguayo", "sign": null}}, {"pk": 116, "model": "coins.currency", "fields": {"iso": "PHP", "name": "Philippine Peso", "sign": null}}, {"pk": 52, "model": "coins.currency", "fields": {"iso": "GBP", "name": "Pound Sterling", "sign": null}}, {"pk": 24, "model": "coins.currency", "fields": {"iso": "BWP", "name": "Pula", "sign": null}}, {"pk": 120, "model": "coins.currency", "fields": {"iso": "QAR", "name": "Qatari Rial", "sign": null}}, {"pk": 58, "model": "coins.currency", "fields": {"iso": "GTQ", "name": "Quetzal", "sign": null}}, {"pk": 167, "model": "coins.currency", "fields": {"iso": "ZAR", "name": "Rand", "sign": null}}, {"pk": 112, "model": "coins.currency", "fields": {"iso": "OMR", "name": "Rial Omani", "sign": null}}, {"pk": 76, "model": "coins.currency", "fields": {"iso": "KHR", "name": "Riel", "sign": null}}, {"pk": 100, "model": "coins.currency", "fields": {"iso": "MVR", "name": "Rufiyaa", "sign": null}}, {"pk": 65, "model": "coins.currency", "fields": {"iso": "IDR", "name": "Rupiah", "sign": null}}, {"pk": 123, "model": "coins.currency", "fields": {"iso": "RUB", "name": "Russian Ruble", "sign": null}}, {"pk": 124, "model": "coins.currency", "fields": {"iso": "RWF", "name": "Rwanda Franc", "sign": null}}, {"pk": 161, "model": "coins.currency", "fields": {"iso": "XDR", "name": "SDR (Special Drawing Right)", "sign": null}}, {"pk": 131, "model": "coins.currency", "fields": {"iso": "SHP", "name": "Saint Helena Pound", "sign": null}}, {"pk": 125, "model": "coins.currency", "fields": {"iso": "SAR", "name": "Saudi Riyal", "sign": null}}, {"pk": 122, "model": "coins.currency", "fields": {"iso": "RSD", "name": "Serbian Dinar", "sign": null}}, {"pk": 127, "model": "coins.currency", "fields": {"iso": "SCR", "name": "Seychelles Rupee", "sign": null}}, {"pk": 130, "model": "coins.currency", "fields": {"iso": "SGD", "name": "Singapore Dollar", "sign": null}}, {"pk": 126, "model": "coins.currency", "fields": {"iso": "SBD", "name": "Solomon Islands Dollar", "sign": null}}, {"pk": 75, "model": "coins.currency", "fields": {"iso": "KGS", "name": "Som", "sign": null}}, {"pk": 133, "model": "coins.currency", "fields": {"iso": "SOS", "name": "Somali Shilling", "sign": null}}, {"pk": 141, "model": "coins.currency", "fields": {"iso": "TJS", "name": "Somoni", "sign": null}}, {"pk": 135, "model": "coins.currency", "fields": {"iso": "SSP", "name": "South Sudanese Pound", "sign": null}}, {"pk": 85, "model": "coins.currency", "fields": {"iso": "LKR", "name": "Sri Lanka Rupee", "sign": null}}, {"pk": 164, "model": "coins.currency", "fields": {"iso": "XSU", "name": "Sucre", "sign": null}}, {"pk": 128, "model": "coins.currency", "fields": {"iso": "SDG", "name": "Sudanese Pound", "sign": null}}, {"pk": 134, "model": "coins.currency", "fields": {"iso": "SRD", "name": "Surinam Dollar", "sign": null}}, {"pk": 129, "model": "coins.currency", "fields": {"iso": "SEK", "name": "Swedish Krona", "sign": null}}, {"pk": 30, "model": "coins.currency", "fields": {"iso": "CHF", "name": "Swiss Franc", "sign": null}}, {"pk": 138, "model": "coins.currency", "fields": {"iso": "SYP", "name": "Syrian Pound", "sign": null}}, {"pk": 13, "model": "coins.currency", "fields": {"iso": "BDT", "name": "Taka", "sign": null}}, {"pk": 158, "model": "coins.currency", "fields": {"iso": "WST", "name": "Tala", "sign": null}}, {"pk": 148, "model": "coins.currency", "fields": {"iso": "TZS", "name": "Tanzanian Shilling", "sign": null}}, {"pk": 82, "model": "coins.currency", "fields": {"iso": "KZT", "name": "Tenge", "sign": null}}, {"pk": 146, "model": "coins.currency", "fields": {"iso": "TTD", "name": "Trinidad and Tobago Dollar", "sign": null}}, {"pk": 96, "model": "coins.currency", "fields": {"iso": "MNT", "name": "Tugrik", "sign": null}}, {"pk": 143, "model": "coins.currency", "fields": {"iso": "TND", "name": "Tunisian Dinar", "sign": null}}, {"pk": 145, "model": "coins.currency", "fields": {"iso": "TRY", "name": "Turkish Lira", "sign": null}}, {"pk": 142, "model": "coins.currency", "fields": {"iso": "TMT", "name": "Turkmenistan New Manat", "sign": null}}, {"pk": 2, "model": "coins.currency", "fields": {"iso": "AED", "name": "UAE Dirham", "sign": null}}, {"pk": 151, "model": "coins.currency", "fields": {"iso": "USD", "name": "US Dollar", "sign": null}}, {"pk": 150, "model": "coins.currency", "fields": {"iso": "UGX", "name": "Uganda Shilling", "sign": null}}, {"pk": 36, "model": "coins.currency", "fields": {"iso": "COU", "name": "Unidad de Valor Real", "sign": null}}, {"pk": 32, "model": "coins.currency", "fields": {"iso": "CLF", "name": "Unidades de fomento", "sign": null}}, {"pk": 152, "model": "coins.currency", "fields": {"iso": "UYI", "name": "Uruguay Peso en Unidades Indexadas (URUIURUI)", "sign": null}}, {"pk": 154, "model": "coins.currency", "fields": {"iso": "UZS", "name": "Uzbekistan Sum", "sign": null}}, {"pk": 157, "model": "coins.currency", "fields": {"iso": "VUV", "name": "Vatu", "sign": null}}, {"pk": 29, "model": "coins.currency", "fields": {"iso": "CHE", "name": "WIR Euro", "sign": null}}, {"pk": 31, "model": "coins.currency", "fields": {"iso": "CHW", "name": "WIR Franc", "sign": null}}, {"pk": 79, "model": "coins.currency", "fields": {"iso": "KRW", "name": "Won", "sign": null}}, {"pk": 166, "model": "coins.currency", "fields": {"iso": "YER", "name": "Yemeni Rial", "sign": null}}, {"pk": 73, "model": "coins.currency", "fields": {"iso": "JPY", "name": "Yen", "sign": null}}, {"pk": 34, "model": "coins.currency", "fields": {"iso": "CNY", "name": "Yuan Renminbi", "sign": null}}, {"pk": 168, "model": "coins.currency", "fields": {"iso": "ZMK", "name": "Zambian Kwacha", "sign": null}}, {"pk": 169, "model": "coins.currency", "fields": {"iso": "ZWL", "name": "Zimbabwe Dollar", "sign": null}}, {"pk": 118, "model": "coins.currency", "fields": {"iso": "PLN", "name": "Zloty", "sign": null}}, {"pk": 1, "model": "coins.country", "fields": {"currency": null, "iso": "ABW", "name": "Aruba"}}, {"pk": 2, "model": "coins.country", "fields": {"currency": 1, "iso": "AFG", "name": "Afghanistan"}}, {"pk": 3, "model": "coins.country", "fields": {"currency": null, "iso": "AGO", "name": "Angola"}}, {"pk": 4, "model": "coins.country", "fields": {"currency": null, "iso": "AIA", "name": "Anguilla"}}, {"pk": 5, "model": "coins.country", "fields": {"currency": 49, "iso": "ALA", "name": "\u00c5land Islands"}}, {"pk": 6, "model": "coins.country", "fields": {"currency": 3, "iso": "ALB", "name": "Albania"}}, {"pk": 7, "model": "coins.country", "fields": {"currency": 49, "iso": "AND", "name": "Andorra"}}, {"pk": 8, "model": "coins.country", "fields": {"currency": null, "iso": "ARE", "name": "United Arab Emirates"}}, {"pk": 9, "model": "coins.country", "fields": {"currency": null, "iso": "ARG", "name": "Argentina"}}, {"pk": 10, "model": "coins.country", "fields": {"currency": null, "iso": "ARM", "name": "Armenia"}}, {"pk": 11, "model": "coins.country", "fields": {"currency": 151, "iso": "ASM", "name": "American Samoa"}}, {"pk": 12, "model": "coins.country", "fields": {"currency": null, "iso": "ATA", "name": "Antarctica"}}, {"pk": 13, "model": "coins.country", "fields": {"currency": 49, "iso": "ATF", "name": "French Southern Territories"}}, {"pk": 14, "model": "coins.country", "fields": {"currency": null, "iso": "ATG", "name": "Antigua and Barbuda"}}, {"pk": 15, "model": "coins.country", "fields": {"currency": null, "iso": "AUS", "name": "Australia"}}, {"pk": 16, "model": "coins.country", "fields": {"currency": 49, "iso": "AUT", "name": "Austria"}}, {"pk": 17, "model": "coins.country", "fields": {"currency": null, "iso": "AZE", "name": "Azerbaijan"}}, {"pk": 18, "model": "coins.country", "fields": {"currency": null, "iso": "BDI", "name": "Burundi"}}, {"pk": 19, "model": "coins.country", "fields": {"currency": 49, "iso": "BEL", "name": "Belgium"}}, {"pk": 20, "model": "coins.country", "fields": {"currency": null, "iso": "BEN", "name": "Benin"}}, {"pk": 21, "model": "coins.country", "fields": {"currency": null, "iso": "BES", "name": "Bonaire, Sint Eustatius and Saba"}}, {"pk": 22, "model": "coins.country", "fields": {"currency": null, "iso": "BFA", "name": "Burkina Faso"}}, {"pk": 23, "model": "coins.country", "fields": {"currency": null, "iso": "BGD", "name": "Bangladesh"}}, {"pk": 24, "model": "coins.country", "fields": {"currency": null, "iso": "BGR", "name": "Bulgaria"}}, {"pk": 25, "model": "coins.country", "fields": {"currency": null, "iso": "BHR", "name": "Bahrain"}}, {"pk": 26, "model": "coins.country", "fields": {"currency": null, "iso": "BHS", "name": "Bahamas"}}, {"pk": 27, "model": "coins.country", "fields": {"currency": null, "iso": "BIH", "name": "Bosnia and Herzegovina"}}, {"pk": 28, "model": "coins.country", "fields": {"currency": 49, "iso": "BLM", "name": "Saint Barth\u00e9lemy"}}, {"pk": 29, "model": "coins.country", "fields": {"currency": null, "iso": "BLR", "name": "Belarus"}}, {"pk": 30, "model": "coins.country", "fields": {"currency": null, "iso": "BLZ", "name": "Belize"}}, {"pk": 31, "model": "coins.country", "fields": {"currency": null, "iso": "BMU", "name": "Bermuda"}}, {"pk": 32, "model": "coins.country", "fields": {"currency": null, "iso": "BOL", "name": "Bolivia, Plurinational State of"}}, {"pk": 33, "model": "coins.country", "fields": {"currency": null, "iso": "BRA", "name": "Brazil"}}, {"pk": 34, "model": "coins.country", "fields": {"currency": null, "iso": "BRB", "name": "Barbados"}}, {"pk": 35, "model": "coins.country", "fields": {"currency": null, "iso": "BRN", "name": "Brunei Darussalam"}}, {"pk": 36, "model": "coins.country", "fields": {"currency": null, "iso": "BTN", "name": "Bhutan"}}, {"pk": 37, "model": "coins.country", "fields": {"currency": null, "iso": "BVT", "name": "Bouvet Island"}}, {"pk": 38, "model": "coins.country", "fields": {"currency": null, "iso": "BWA", "name": "Botswana"}}, {"pk": 39, "model": "coins.country", "fields": {"currency": null, "iso": "CAF", "name": "Central African Republic"}}, {"pk": 40, "model": "coins.country", "fields": {"currency": null, "iso": "CAN", "name": "Canada"}}, {"pk": 41, "model": "coins.country", "fields": {"currency": null, "iso": "CCK", "name": "Cocos (Keeling) Islands"}}, {"pk": 42, "model": "coins.country", "fields": {"currency": null, "iso": "CHE", "name": "Switzerland"}}, {"pk": 43, "model": "coins.country", "fields": {"currency": null, "iso": "CHL", "name": "Chile"}}, {"pk": 44, "model": "coins.country", "fields": {"currency": null, "iso": "CHN", "name": "China"}}, {"pk": 45, "model": "coins.country", "fields": {"currency": null, "iso": "CIV", "name": "C\u00f4te d'Ivoire"}}, {"pk": 46, "model": "coins.country", "fields": {"currency": null, "iso": "CMR", "name": "Cameroon"}}, {"pk": 47, "model": "coins.country", "fields": {"currency": null, "iso": "COD", "name": "Congo, the Democratic Republic of the"}}, {"pk": 48, "model": "coins.country", "fields": {"currency": null, "iso": "COG", "name": "Congo"}}, {"pk": 49, "model": "coins.country", "fields": {"currency": null, "iso": "COK", "name": "Cook Islands"}}, {"pk": 50, "model": "coins.country", "fields": {"currency": null, "iso": "COL", "name": "Colombia"}}, {"pk": 51, "model": "coins.country", "fields": {"currency": null, "iso": "COM", "name": "Comoros"}}, {"pk": 52, "model": "coins.country", "fields": {"currency": null, "iso": "CPV", "name": "Cape Verde"}}, {"pk": 53, "model": "coins.country", "fields": {"currency": null, "iso": "CRI", "name": "Costa Rica"}}, {"pk": 54, "model": "coins.country", "fields": {"currency": null, "iso": "CUB", "name": "Cuba"}}, {"pk": 55, "model": "coins.country", "fields": {"currency": null, "iso": "CUW", "name": "Cura\u00e7ao"}}, {"pk": 56, "model": "coins.country", "fields": {"currency": null, "iso": "CXR", "name": "Christmas Island"}}, {"pk": 57, "model": "coins.country", "fields": {"currency": null, "iso": "CYM", "name": "Cayman Islands"}}, {"pk": 58, "model": "coins.country", "fields": {"currency": 49, "iso": "CYP", "name": "Cyprus"}}, {"pk": 59, "model": "coins.country", "fields": {"currency": null, "iso": "CZE", "name": "Czech Republic"}}, {"pk": 60, "model": "coins.country", "fields": {"currency": 49, "iso": "DEU", "name": "Germany"}}, {"pk": 61, "model": "coins.country", "fields": {"currency": null, "iso": "DJI", "name": "Djibouti"}}, {"pk": 62, "model": "coins.country", "fields": {"currency": null, "iso": "DMA", "name": "Dominica"}}, {"pk": 63, "model": "coins.country", "fields": {"currency": null, "iso": "DNK", "name": "Denmark"}}, {"pk": 64, "model": "coins.country", "fields": {"currency": null, "iso": "DOM", "name": "Dominican Republic"}}, {"pk": 65, "model": "coins.country", "fields": {"currency": 45, "iso": "DZA", "name": "Algeria"}}, {"pk": 66, "model": "coins.country", "fields": {"currency": null, "iso": "ECU", "name": "Ecuador"}}, {"pk": 67, "model": "coins.country", "fields": {"currency": null, "iso": "EGY", "name": "Egypt"}}, {"pk": 68, "model": "coins.country", "fields": {"currency": null, "iso": "ERI", "name": "Eritrea"}}, {"pk": 69, "model": "coins.country", "fields": {"currency": null, "iso": "ESH", "name": "Western Sahara"}}, {"pk": 70, "model": "coins.country", "fields": {"currency": 49, "iso": "ESP", "name": "Spain"}}, {"pk": 71, "model": "coins.country", "fields": {"currency": 49, "iso": "EST", "name": "Estonia"}}, {"pk": 72, "model": "coins.country", "fields": {"currency": null, "iso": "ETH", "name": "Ethiopia"}}, {"pk": 73, "model": "coins.country", "fields": {"currency": 49, "iso": "FIN", "name": "Finland"}}, {"pk": 74, "model": "coins.country", "fields": {"currency": null, "iso": "FJI", "name": "Fiji"}}, {"pk": 75, "model": "coins.country", "fields": {"currency": null, "iso": "FLK", "name": "Falkland Islands (Malvinas)"}}, {"pk": 76, "model": "coins.country", "fields": {"currency": 49, "iso": "FRA", "name": "France"}}, {"pk": 77, "model": "coins.country", "fields": {"currency": null, "iso": "FRO", "name": "Faroe Islands"}}, {"pk": 78, "model": "coins.country", "fields": {"currency": null, "iso": "FSM", "name": "Micronesia, Federated States of"}}, {"pk": 79, "model": "coins.country", "fields": {"currency": null, "iso": "GAB", "name": "Gabon"}}, {"pk": 80, "model": "coins.country", "fields": {"currency": null, "iso": "GBR", "name": "United Kingdom"}}, {"pk": 81, "model": "coins.country", "fields": {"currency": null, "iso": "GEO", "name": "Georgia"}}, {"pk": 82, "model": "coins.country", "fields": {"currency": null, "iso": "GGY", "name": "Guernsey"}}, {"pk": 83, "model": "coins.country", "fields": {"currency": null, "iso": "GHA", "name": "Ghana"}}, {"pk": 84, "model": "coins.country", "fields": {"currency": null, "iso": "GIB", "name": "Gibraltar"}}, {"pk": 85, "model": "coins.country", "fields": {"currency": null, "iso": "GIN", "name": "Guinea"}}, {"pk": 86, "model": "coins.country", "fields": {"currency": 49, "iso": "GLP", "name": "Guadeloupe"}}, {"pk": 87, "model": "coins.country", "fields": {"currency": null, "iso": "GMB", "name": "Gambia"}}, {"pk": 88, "model": "coins.country", "fields": {"currency": null, "iso": "GNB", "name": "Guinea-Bissau"}}, {"pk": 89, "model": "coins.country", "fields": {"currency": null, "iso": "GNQ", "name": "Equatorial Guinea"}}, {"pk": 90, "model": "coins.country", "fields": {"currency": 49, "iso": "GRC", "name": "Greece"}}, {"pk": 91, "model": "coins.country", "fields": {"currency": null, "iso": "GRD", "name": "Grenada"}}, {"pk": 92, "model": "coins.country", "fields": {"currency": null, "iso": "GRL", "name": "Greenland"}}, {"pk": 93, "model": "coins.country", "fields": {"currency": null, "iso": "GTM", "name": "Guatemala"}}, {"pk": 94, "model": "coins.country", "fields": {"currency": 49, "iso": "GUF", "name": "French Guiana"}}, {"pk": 95, "model": "coins.country", "fields": {"currency": null, "iso": "GUM", "name": "Guam"}}, {"pk": 96, "model": "coins.country", "fields": {"currency": null, "iso": "GUY", "name": "Guyana"}}, {"pk": 97, "model": "coins.country", "fields": {"currency": null, "iso": "HKG", "name": "Hong Kong"}}, {"pk": 98, "model": "coins.country", "fields": {"currency": null, "iso": "HMD", "name": "Heard Island and McDonald Islands"}}, {"pk": 99, "model": "coins.country", "fields": {"currency": null, "iso": "HND", "name": "Honduras"}}, {"pk": 100, "model": "coins.country", "fields": {"currency": null, "iso": "HRV", "name": "Croatia"}}, {"pk": 101, "model": "coins.country", "fields": {"currency": null, "iso": "HTI", "name": "Haiti"}}, {"pk": 102, "model": "coins.country", "fields": {"currency": null, "iso": "HUN", "name": "Hungary"}}, {"pk": 103, "model": "coins.country", "fields": {"currency": null, "iso": "IDN", "name": "Indonesia"}}, {"pk": 104, "model": "coins.country", "fields": {"currency": null, "iso": "IMN", "name": "Isle of Man"}}, {"pk": 105, "model": "coins.country", "fields": {"currency": null, "iso": "IND", "name": "India"}}, {"pk": 106, "model": "coins.country", "fields": {"currency": null, "iso": "IOT", "name": "British Indian Ocean Territory"}}, {"pk": 107, "model": "coins.country", "fields": {"currency": 49, "iso": "IRL", "name": "Ireland"}}, {"pk": 108, "model": "coins.country", "fields": {"currency": null, "iso": "IRN", "name": "Iran, Islamic Republic of"}}, {"pk": 109, "model": "coins.country", "fields": {"currency": null, "iso": "IRQ", "name": "Iraq"}}, {"pk": 110, "model": "coins.country", "fields": {"currency": null, "iso": "ISL", "name": "Iceland"}}, {"pk": 111, "model": "coins.country", "fields": {"currency": null, "iso": "ISR", "name": "Israel"}}, {"pk": 112, "model": "coins.country", "fields": {"currency": 49, "iso": "ITA", "name": "Italy"}}, {"pk": 113, "model": "coins.country", "fields": {"currency": null, "iso": "JAM", "name": "Jamaica"}}, {"pk": 114, "model": "coins.country", "fields": {"currency": null, "iso": "JEY", "name": "Jersey"}}, {"pk": 115, "model": "coins.country", "fields": {"currency": null, "iso": "JOR", "name": "Jordan"}}, {"pk": 116, "model": "coins.country", "fields": {"currency": null, "iso": "JPN", "name": "Japan"}}, {"pk": 117, "model": "coins.country", "fields": {"currency": null, "iso": "KAZ", "name": "Kazakhstan"}}, {"pk": 118, "model": "coins.country", "fields": {"currency": null, "iso": "KEN", "name": "Kenya"}}, {"pk": 119, "model": "coins.country", "fields": {"currency": null, "iso": "KGZ", "name": "Kyrgyzstan"}}, {"pk": 120, "model": "coins.country", "fields": {"currency": null, "iso": "KHM", "name": "Cambodia"}}, {"pk": 121, "model": "coins.country", "fields": {"currency": null, "iso": "KIR", "name": "Kiribati"}}, {"pk": 122, "model": "coins.country", "fields": {"currency": null, "iso": "KNA", "name": "Saint Kitts and Nevis"}}, {"pk": 123, "model": "coins.country", "fields": {"currency": null, "iso": "KOR", "name": "Korea, Republic of"}}, {"pk": 124, "model": "coins.country", "fields": {"currency": null, "iso": "KWT", "name": "Kuwait"}}, {"pk": 125, "model": "coins.country", "fields": {"currency": null, "iso": "LAO", "name": "Lao People's Democratic Republic"}}, {"pk": 126, "model": "coins.country", "fields": {"currency": null, "iso": "LBN", "name": "Lebanon"}}, {"pk": 127, "model": "coins.country", "fields": {"currency": null, "iso": "LBR", "name": "Liberia"}}, {"pk": 128, "model": "coins.country", "fields": {"currency": null, "iso": "LBY", "name": "Libya"}}, {"pk": 129, "model": "coins.country", "fields": {"currency": null, "iso": "LCA", "name": "Saint Lucia"}}, {"pk": 130, "model": "coins.country", "fields": {"currency": null, "iso": "LIE", "name": "Liechtenstein"}}, {"pk": 131, "model": "coins.country", "fields": {"currency": null, "iso": "LKA", "name": "Sri Lanka"}}, {"pk": 132, "model": "coins.country", "fields": {"currency": null, "iso": "LSO", "name": "Lesotho"}}, {"pk": 133, "model": "coins.country", "fields": {"currency": null, "iso": "LTU", "name": "Lithuania"}}, {"pk": 134, "model": "coins.country", "fields": {"currency": 49, "iso": "LUX", "name": "Luxembourg"}}, {"pk": 135, "model": "coins.country", "fields": {"currency": null, "iso": "LVA", "name": "Latvia"}}, {"pk": 136, "model": "coins.country", "fields": {"currency": null, "iso": "MAC", "name": "Macao"}}, {"pk": 137, "model": "coins.country", "fields": {"currency": 49, "iso": "MAF", "name": "Saint Martin (French part)"}}, {"pk": 138, "model": "coins.country", "fields": {"currency": null, "iso": "MAR", "name": "Morocco"}}, {"pk": 139, "model": "coins.country", "fields": {"currency": 49, "iso": "MCO", "name": "Monaco"}}, {"pk": 140, "model": "coins.country", "fields": {"currency": null, "iso": "MDA", "name": "Moldova, Republic of"}}, {"pk": 141, "model": "coins.country", "fields": {"currency": null, "iso": "MDG", "name": "Madagascar"}}, {"pk": 142, "model": "coins.country", "fields": {"currency": null, "iso": "MDV", "name": "Maldives"}}, {"pk": 143, "model": "coins.country", "fields": {"currency": null, "iso": "MEX", "name": "Mexico"}}, {"pk": 144, "model": "coins.country", "fields": {"currency": null, "iso": "MHL", "name": "Marshall Islands"}}, {"pk": 145, "model": "coins.country", "fields": {"currency": null, "iso": "MKD", "name": "Macedonia, the former Yugoslav Republic of"}}, {"pk": 146, "model": "coins.country", "fields": {"currency": null, "iso": "MLI", "name": "Mali"}}, {"pk": 147, "model": "coins.country", "fields": {"currency": 49, "iso": "MLT", "name": "Malta"}}, {"pk": 148, "model": "coins.country", "fields": {"currency": null, "iso": "MMR", "name": "Myanmar"}}, {"pk": 149, "model": "coins.country", "fields": {"currency": 49, "iso": "MNE", "name": "Montenegro"}}, {"pk": 150, "model": "coins.country", "fields": {"currency": null, "iso": "MNG", "name": "Mongolia"}}, {"pk": 151, "model": "coins.country", "fields": {"currency": null, "iso": "MNP", "name": "Northern Mariana Islands"}}, {"pk": 152, "model": "coins.country", "fields": {"currency": null, "iso": "MOZ", "name": "Mozambique"}}, {"pk": 153, "model": "coins.country", "fields": {"currency": null, "iso": "MRT", "name": "Mauritania"}}, {"pk": 154, "model": "coins.country", "fields": {"currency": null, "iso": "MSR", "name": "Montserrat"}}, {"pk": 155, "model": "coins.country", "fields": {"currency": 49, "iso": "MTQ", "name": "Martinique"}}, {"pk": 156, "model": "coins.country", "fields": {"currency": null, "iso": "MUS", "name": "Mauritius"}}, {"pk": 157, "model": "coins.country", "fields": {"currency": null, "iso": "MWI", "name": "Malawi"}}, {"pk": 158, "model": "coins.country", "fields": {"currency": null, "iso": "MYS", "name": "Malaysia"}}, {"pk": 159, "model": "coins.country", "fields": {"currency": 49, "iso": "MYT", "name": "Mayotte"}}, {"pk": 160, "model": "coins.country", "fields": {"currency": null, "iso": "NAM", "name": "Namibia"}}, {"pk": 161, "model": "coins.country", "fields": {"currency": null, "iso": "NCL", "name": "New Caledonia"}}, {"pk": 162, "model": "coins.country", "fields": {"currency": null, "iso": "NER", "name": "Niger"}}, {"pk": 163, "model": "coins.country", "fields": {"currency": null, "iso": "NFK", "name": "Norfolk Island"}}, {"pk": 164, "model": "coins.country", "fields": {"currency": null, "iso": "NGA", "name": "Nigeria"}}, {"pk": 165, "model": "coins.country", "fields": {"currency": null, "iso": "NIC", "name": "Nicaragua"}}, {"pk": 166, "model": "coins.country", "fields": {"currency": null, "iso": "NIU", "name": "Niue"}}, {"pk": 167, "model": "coins.country", "fields": {"currency": 49, "iso": "NLD", "name": "Netherlands"}}, {"pk": 168, "model": "coins.country", "fields": {"currency": null, "iso": "NOR", "name": "Norway"}}, {"pk": 169, "model": "coins.country", "fields": {"currency": null, "iso": "NPL", "name": "Nepal"}}, {"pk": 170, "model": "coins.country", "fields": {"currency": null, "iso": "NRU", "name": "Nauru"}}, {"pk": 171, "model": "coins.country", "fields": {"currency": null, "iso": "NZL", "name": "New Zealand"}}, {"pk": 172, "model": "coins.country", "fields": {"currency": null, "iso": "OMN", "name": "Oman"}}, {"pk": 173, "model": "coins.country", "fields": {"currency": null, "iso": "PAK", "name": "Pakistan"}}, {"pk": 174, "model": "coins.country", "fields": {"currency": null, "iso": "PAN", "name": "Panama"}}, {"pk": 175, "model": "coins.country", "fields": {"currency": null, "iso": "PCN", "name": "Pitcairn"}}, {"pk": 176, "model": "coins.country", "fields": {"currency": null, "iso": "PER", "name": "Peru"}}, {"pk": 177, "model": "coins.country", "fields": {"currency": null, "iso": "PHL", "name": "Philippines"}}, {"pk": 178, "model": "coins.country", "fields": {"currency": null, "iso": "PLW", "name": "Palau"}}, {"pk": 179, "model": "coins.country", "fields": {"currency": null, "iso": "PNG", "name": "Papua New Guinea"}}, {"pk": 180, "model": "coins.country", "fields": {"currency": null, "iso": "POL", "name": "Poland"}}, {"pk": 181, "model": "coins.country", "fields": {"currency": null, "iso": "PRI", "name": "Puerto Rico"}}, {"pk": 182, "model": "coins.country", "fields": {"currency": null, "iso": "PRK", "name": "Korea, Democratic People's Republic of"}}, {"pk": 183, "model": "coins.country", "fields": {"currency": 49, "iso": "PRT", "name": "Portugal"}}, {"pk": 184, "model": "coins.country", "fields": {"currency": null, "iso": "PRY", "name": "Paraguay"}}, {"pk": 185, "model": "coins.country", "fields": {"currency": null, "iso": "PSE", "name": "Palestinian Territory, Occupied"}}, {"pk": 186, "model": "coins.country", "fields": {"currency": null, "iso": "PYF", "name": "French Polynesia"}}, {"pk": 187, "model": "coins.country", "fields": {"currency": null, "iso": "QAT", "name": "Qatar"}}, {"pk": 188, "model": "coins.country", "fields": {"currency": 49, "iso": "REU", "name": "R\u00e9union"}}, {"pk": 189, "model": "coins.country", "fields": {"currency": null, "iso": "ROU", "name": "Romania"}}, {"pk": 190, "model": "coins.country", "fields": {"currency": 123, "iso": "RUS", "name": "Russian Federation"}}, {"pk": 191, "model": "coins.country", "fields": {"currency": null, "iso": "RWA", "name": "Rwanda"}}, {"pk": 192, "model": "coins.country", "fields": {"currency": null, "iso": "SAU", "name": "Saudi Arabia"}}, {"pk": 193, "model": "coins.country", "fields": {"currency": 128, "iso": "SDN", "name": "Sudan"}}, {"pk": 194, "model": "coins.country", "fields": {"currency": null, "iso": "SEN", "name": "Senegal"}}, {"pk": 195, "model": "coins.country", "fields": {"currency": null, "iso": "SGP", "name": "Singapore"}}, {"pk": 196, "model": "coins.country", "fields": {"currency": null, "iso": "SGS", "name": "South Georgia and the South Sandwich Islands"}}, {"pk": 197, "model": "coins.country", "fields": {"currency": null, "iso": "SHN", "name": "Saint Helena, Ascension and Tristan da Cunha"}}, {"pk": 198, "model": "coins.country", "fields": {"currency": null, "iso": "SJM", "name": "Svalbard and Jan Mayen"}}, {"pk": 199, "model": "coins.country", "fields": {"currency": null, "iso": "SLB", "name": "Solomon Islands"}}, {"pk": 200, "model": "coins.country", "fields": {"currency": null, "iso": "SLE", "name": "Sierra Leone"}}, {"pk": 201, "model": "coins.country", "fields": {"currency": null, "iso": "SLV", "name": "El Salvador"}}, {"pk": 202, "model": "coins.country", "fields": {"currency": 49, "iso": "SMR", "name": "San Marino"}}, {"pk": 203, "model": "coins.country", "fields": {"currency": null, "iso": "SOM", "name": "Somalia"}}, {"pk": 204, "model": "coins.country", "fields": {"currency": 49, "iso": "SPM", "name": "Saint Pierre and Miquelon"}}, {"pk": 205, "model": "coins.country", "fields": {"currency": null, "iso": "SRB", "name": "Serbia"}}, {"pk": 206, "model": "coins.country", "fields": {"currency": null, "iso": "SSD", "name": "South Sudan"}}, {"pk": 207, "model": "coins.country", "fields": {"currency": null, "iso": "STP", "name": "Sao Tome and Principe"}}, {"pk": 208, "model": "coins.country", "fields": {"currency": null, "iso": "SUR", "name": "Suriname"}}, {"pk": 209, "model": "coins.country", "fields": {"currency": 49, "iso": "SVK", "name": "Slovakia"}}, {"pk": 210, "model": "coins.country", "fields": {"currency": 49, "iso": "SVN", "name": "Slovenia"}}, {"pk": 211, "model": "coins.country", "fields": {"currency": null, "iso": "SWE", "name": "Sweden"}}, {"pk": 212, "model": "coins.country", "fields": {"currency": null, "iso": "SWZ", "name": "Swaziland"}}, {"pk": 213, "model": "coins.country", "fields": {"currency": null, "iso": "SXM", "name": "Sint Maarten (Dutch part)"}}, {"pk": 214, "model": "coins.country", "fields": {"currency": null, "iso": "SYC", "name": "Seychelles"}}, {"pk": 215, "model": "coins.country", "fields": {"currency": null, "iso": "SYR", "name": "Syrian Arab Republic"}}, {"pk": 216, "model": "coins.country", "fields": {"currency": null, "iso": "TCA", "name": "Turks and Caicos Islands"}}, {"pk": 217, "model": "coins.country", "fields": {"currency": null, "iso": "TCD", "name": "Chad"}}, {"pk": 218, "model": "coins.country", "fields": {"currency": null, "iso": "TGO", "name": "Togo"}}, {"pk": 219, "model": "coins.country", "fields": {"currency": null, "iso": "THA", "name": "Thailand"}}, {"pk": 220, "model": "coins.country", "fields": {"currency": null, "iso": "TJK", "name": "Tajikistan"}}, {"pk": 221, "model": "coins.country", "fields": {"currency": null, "iso": "TKL", "name": "Tokelau"}}, {"pk": 222, "model": "coins.country", "fields": {"currency": null, "iso": "TKM", "name": "Turkmenistan"}}, {"pk": 223, "model": "coins.country", "fields": {"currency": null, "iso": "TLS", "name": "Timor-Leste"}}, {"pk": 224, "model": "coins.country", "fields": {"currency": null, "iso": "TON", "name": "Tonga"}}, {"pk": 225, "model": "coins.country", "fields": {"currency": null, "iso": "TTO", "name": "Trinidad and Tobago"}}, {"pk": 226, "model": "coins.country", "fields": {"currency": null, "iso": "TUN", "name": "Tunisia"}}, {"pk": 227, "model": "coins.country", "fields": {"currency": null, "iso": "TUR", "name": "Turkey"}}, {"pk": 228, "model": "coins.country", "fields": {"currency": null, "iso": "TUV", "name": "Tuvalu"}}, {"pk": 229, "model": "coins.country", "fields": {"currency": null, "iso": "TWN", "name": "Taiwan, Province of China"}}, {"pk": 230, "model": "coins.country", "fields": {"currency": null, "iso": "TZA", "name": "Tanzania, United Republic of"}}, {"pk": 231, "model": "coins.country", "fields": {"currency": null, "iso": "UGA", "name": "Uganda"}}, {"pk": 232, "model": "coins.country", "fields": {"currency": null, "iso": "UKR", "name": "Ukraine"}}, {"pk": 233, "model": "coins.country", "fields": {"currency": null, "iso": "UMI", "name": "United States Minor Outlying Islands"}}, {"pk": 234, "model": "coins.country", "fields": {"currency": null, "iso": "URY", "name": "Uruguay"}}, {"pk": 235, "model": "coins.country", "fields": {"currency": 151, "iso": "USA", "name": "United States"}}, {"pk": 236, "model": "coins.country", "fields": {"currency": null, "iso": "UZB", "name": "Uzbekistan"}}, {"pk": 237, "model": "coins.country", "fields": {"currency": 49, "iso": "VAT", "name": "Holy See (Vatican City State)"}}, {"pk": 238, "model": "coins.country", "fields": {"currency": null, "iso": "VCT", "name": "Saint Vincent and the Grenadines"}}, {"pk": 239, "model": "coins.country", "fields": {"currency": null, "iso": "VEN", "name": "Venezuela, Bolivarian Republic of"}}, {"pk": 240, "model": "coins.country", "fields": {"currency": null, "iso": "VGB", "name": "Virgin Islands, British"}}, {"pk": 241, "model": "coins.country", "fields": {"currency": null, "iso": "VIR", "name": "Virgin Islands, U.S."}}, {"pk": 242, "model": "coins.country", "fields": {"currency": null, "iso": "VNM", "name": "Viet Nam"}}, {"pk": 243, "model": "coins.country", "fields": {"currency": null, "iso": "VUT", "name": "Vanuatu"}}, {"pk": 244, "model": "coins.country", "fields": {"currency": null, "iso": "WLF", "name": "Wallis and Futuna"}}, {"pk": 245, "model": "coins.country", "fields": {"currency": null, "iso": "WSM", "name": "Samoa"}}, {"pk": 246, "model": "coins.country", "fields": {"currency": null, "iso": "YEM", "name": "Yemen"}}, {"pk": 247, "model": "coins.country", "fields": {"currency": null, "iso": "ZAF", "name": "South Africa"}}, {"pk": 248, "model": "coins.country", "fields": {"currency": null, "iso": "ZMB", "name": "Zambia"}}, {"pk": 249, "model": "coins.country", "fields": {"currency": null, "iso": "ZWE", "name": "Zimbabwe"}}, {"pk": 1, "model": "coins.collection", "fields": {"name": "\u041c\u043e\u044f \u043a\u043e\u043b\u043b\u0435\u043a\u0446\u0438\u044f"}}, {"pk": 1, "model": "coins.mint", "fields": {"name": "\u041c\u043e\u0441\u043a\u043e\u0432\u0441\u043a\u0438\u0439 \u043c\u043e\u043d\u0435\u0442\u043d\u044b\u0439 \u0434\u0432\u043e\u0440"}}, {"pk": 2, "model": "coins.mint", "fields": {"name": "\u0421\u0430\u043d\u043a\u0442-\u041f\u0435\u0442\u0435\u0440\u0431\u0443\u0440\u0433\u0441\u043a\u0438\u0439 \u043c\u043e\u043d\u0435\u0442\u043d\u044b\u0439 \u0434\u0432\u043e\u0440"}}, {"pk": 1, "model": "coins.mintmark", "fields": {"mint": 1, "mark": "\u041c\u041c"}}, {"pk": 2, "model": "coins.mintmark", "fields": {"mint": 1, "mark": "\u041c"}}, {"pk": 3, "model": "coins.mintmark", "fields": {"mint": 2, "mark": "\u0421\u041f\u0411"}}, {"pk": 4, "model": "coins.mintmark", "fields": {"mint": 2, "mark": "\u0421\u041f\u041c"}}, {"pk": 5, "model": "coins.mintmark", "fields": {"mint": 2, "mark": "\u0421\u041f\u041c\u0414"}}, {"pk": 6, "model": "coins.mintmark", "fields": {"mint": 2, "mark": "\u0421\u041f"}}, {"pk": 7, "model": "coins.mintmark", "fields": {"mint": 2, "mark": "\u0421\u041c"}}, {"pk": 8, "model": "coins.mintmark", "fields": {"mint": 2, "mark": "\u041b"}}, {"pk": 9, "model": "coins.mintmark", "fields": {"mint": 2, "mark": "\u041b\u041c\u0414"}}]